data,nome_integratore,quantita
2025-01-01,Rhodiola Rosea,1
2025-01-01,CoQ10,1
2025-01-01,Two-Per-Day,2
2025-01-01,Omega-3,2
2025-01-01,Magnesio Citrate,2
2025-01-01,Black Maca,1
2025-01-01,L-Carnitina,3
2025-01-02,Two-Per-Day,2
2025-01-02,Omega-3,1
2025-01-02,Magnesio Citrate,2
2025-01-02,Black Maca,1
2025-01-02,L-Carnitina,3
2025-01-03,Rhodiola Rosea,1
2025-01-03,CoQ10,1
2025-01-03,Two-Per-Day,2
2025-01-03,Omega-3,2
2025-01-03,Magnesio Citrate,2
2025-01-03,Black Maca,1
2025-01-03,L-Carnitina,3
2025-01-04,Two-Per-Day,2
2025-01-04,Omega-3,1
2025-01-04,Magnesio Citrate,2
2025-01-04,Black Maca,1
2025-01-04,L-Carnitina,3
2025-01-05,Rhodiola Rosea,1
2025-01-05,CoQ10,1
2025-01-05,Two-Per-Day,2
2025-01-05,Omega-3,2
2025-01-05,Magnesio Citrate,2
2025-01-05,Black Maca,1
2025-01-05,L-Carnitina,3
2025-01-06,Rhodiola Rosea,1
2025-01-06,CoQ10,1
2025-01-06,Two-Per-Day,2
2025-01-06,Omega-3,2
2025-01-06,Magnesio Citrate,2
2025-01-06,Black Maca,1
2025-01-06,L-Carnitina,3
2025-01-07,Rhodiola Rosea,1
2025-01-07,CoQ10,1
2025-01-07,Two-Per-Day,2
2025-01-07,Omega-3,1
2025-01-07,Magnesio Citrate,2
2025-01-07,Black Maca,1
2025-01-07,L-Carnitina,3
2025-01-08,Rhodiola Rosea,1
2025-01-08,CoQ10,1
2025-01-08,Two-Per-Day,2
2025-01-08,Omega-3,2
2025-01-08,Magnesio Citrate,2
2025-01-08,Black Maca,1
2025-01-08,L-Carnitina,3
2025-01-09,Two-Per-Day,2
2025-01-09,Omega-3,1
2025-01-09,Magnesio Citrate,2
2025-01-09,Black Maca,1
2025-01-09,L-Carnitina,3
2025-01-10,Rhodiola Rosea,1
2025-01-10,CoQ10,1
2025-01-10,Two-Per-Day,2
2025-01-10,Omega-3,2
2025-01-10,Magnesio Citrate,2
2025-01-10,Black Maca,1
2025-01-10,L-Carnitina,3
2025-01-11,Two-Per-Day,2
2025-01-11,Omega-3,1
2025-01-11,Magnesio Citrate,2
2025-01-11,Black Maca,1
2025-01-11,L-Carnitina,3
2025-01-12,Rhodiola Rosea,1
2025-01-12,CoQ10,1
2025-01-12,Two-Per-Day,2
2025-01-12,Omega-3,2
2025-01-12,Magnesio Citrate,2
2025-01-12,Black Maca,1
2025-01-12,L-Carnitina,3
2025-01-13,Rhodiola Rosea,1
2025-01-13,CoQ10,1
2025-01-13,Two-Per-Day,2
2025-01-13,Omega-3,2
2025-01-13,Magnesio Citrate,2
2025-01-13,Black Maca,1
2025-01-13,L-Carnitina,3
2025-01-14,Rhodiola Rosea,1
2025-01-14,CoQ10,1
2025-01-14,Two-Per-Day,2
2025-01-14,Omega-3,1
2025-01-14,Magnesio Citrate,2
2025-01-14,Black Maca,1
2025-01-14,L-Carnitina,3
2025-01-15,Rhodiola Rosea,1
2025-01-15,CoQ10,1
2025-01-15,Two-Per-Day,2
2025-01-15,Omega-3,2
2025-01-15,Magnesio Citrate,2
2025-01-15,Black Maca,1
2025-01-15,L-Carnitina,3
2025-01-16,Two-Per-Day,2
2025-01-16,Omega-3,1
2025-01-16,Magnesio Citrate,2
2025-01-16,Black Maca,1
2025-01-16,L-Carnitina,3
2025-01-17,Rhodiola Rosea,1
2025-01-17,CoQ10,1
2025-01-17,Two-Per-Day,2
2025-01-17,Omega-3,2
2025-01-17,Magnesio Citrate,2
2025-01-17,Black Maca,1
2025-01-17,L-Carnitina,3
2025-01-18,Two-Per-Day,2
2025-01-18,Omega-3,1
2025-01-18,Magnesio Citrate,2
2025-01-18,Black Maca,1
2025-01-18,L-Carnitina,3
2025-01-19,Rhodiola Rosea,1
2025-01-19,CoQ10,1
2025-01-19,Two-Per-Day,2
2025-01-19,Omega-3,2
2025-01-19,Magnesio Citrate,2
2025-01-19,Black Maca,1
2025-01-19,L-Carnitina,3
2025-01-20,Rhodiola Rosea,1
2025-01-20,CoQ10,1
2025-01-20,Two-Per-Day,2
2025-01-20,Omega-3,2
2025-01-20,Magnesio Citrate,2
2025-01-20,Black Maca,1
2025-01-20,L-Carnitina,3
2025-01-21,Rhodiola Rosea,1
2025-01-21,CoQ10,1
2025-01-21,Two-Per-Day,2
2025-01-21,Omega-3,1
2025-01-21,Magnesio Citrate,2
2025-01-21,Black Maca,1
2025-01-21,L-Carnitina,3
2025-01-22,Rhodiola Rosea,1
2025-01-22,CoQ10,1
2025-01-22,Two-Per-Day,2
2025-01-22,Omega-3,2
2025-01-22,Magnesio Citrate,2
2025-01-22,Black Maca,1
2025-01-22,L-Carnitina,3
2025-01-23,Two-Per-Day,2
2025-01-23,Omega-3,1
2025-01-23,Magnesio Citrate,2
2025-01-23,Black Maca,1
2025-01-23,L-Carnitina,3
2025-01-24,Rhodiola Rosea,1
2025-01-24,CoQ10,1
2025-01-24,Two-Per-Day,2
2025-01-24,Omega-3,2
2025-01-24,Magnesio Citrate,2
2025-01-24,Black Maca,1
2025-01-24,L-Carnitina,3
2025-01-25,Two-Per-Day,2
2025-01-25,Omega-3,1
2025-01-25,Magnesio Citrate,2
2025-01-25,Black Maca,1
2025-01-25,L-Carnitina,3
2025-01-26,Rhodiola Rosea,1
2025-01-26,CoQ10,1
2025-01-26,Two-Per-Day,2
2025-01-26,Omega-3,2
2025-01-26,Magnesio Citrate,2
2025-01-26,Black Maca,1
2025-01-26,L-Carnitina,3
2025-01-27,Rhodiola Rosea,1
2025-01-27,CoQ10,1
2025-01-27,Two-Per-Day,2
2025-01-27,Omega-3,2
2025-01-27,Magnesio Citrate,2
2025-01-27,Black Maca,1
2025-01-27,L-Carnitina,3
2025-01-28,Rhodiola Rosea,1
2025-01-28,CoQ10,1
2025-01-28,Two-Per-Day,2
2025-01-28,Omega-3,1
2025-01-28,Magnesio Citrate,2
2025-01-28,Black Maca,1
2025-01-28,L-Carnitina,3
2025-01-29,Rhodiola Rosea,1
2025-01-29,CoQ10,1
2025-01-29,Two-Per-Day,2
2025-01-29,Omega-3,2
2025-01-29,Magnesio Citrate,2
2025-01-29,Black Maca,1
2025-01-29,L-Carnitina,3
2025-01-30,Two-Per-Day,2
2025-01-30,Omega-3,1
2025-01-30,Magnesio Citrate,2
2025-01-30,Black Maca,1
2025-01-30,L-Carnitina,3
2025-01-31,Rhodiola Rosea,1
2025-01-31,CoQ10,1
2025-01-31,Two-Per-Day,2
2025-01-31,Omega-3,2
2025-01-31,Magnesio Citrate,2
2025-01-31,Black Maca,1
2025-01-31,L-Carnitina,3
2025-02-01,Two-Per-Day,2
2025-02-01,Omega-3,1
2025-02-01,Magnesio Citrate,2
2025-02-01,Black Maca,1
2025-02-01,L-Carnitina,3
2025-02-02,Rhodiola Rosea,1
2025-02-02,CoQ10,1
2025-02-02,Two-Per-Day,2
2025-02-02,Omega-3,2
2025-02-02,Magnesio Citrate,2
2025-02-02,Black Maca,1
2025-02-02,L-Carnitina,3
2025-02-03,Rhodiola Rosea,1
2025-02-03,CoQ10,1
2025-02-03,Two-Per-Day,2
2025-02-03,Omega-3,2
2025-02-03,Magnesio Citrate,2
2025-02-03,Black Maca,1
2025-02-03,L-Carnitina,3
2025-02-04,Rhodiola Rosea,1
2025-02-04,CoQ10,1
2025-02-04,Two-Per-Day,2
2025-02-04,Omega-3,1
2025-02-04,Magnesio Citrate,2
2025-02-04,Black Maca,1
2025-02-04,L-Carnitina,3
2025-02-05,Rhodiola Rosea,1
2025-02-05,CoQ10,1
2025-02-05,Two-Per-Day,2
2025-02-05,Omega-3,2
2025-02-05,Magnesio Citrate,2
2025-02-05,Black Maca,1
2025-02-05,L-Carnitina,3
2025-02-06,Two-Per-Day,2
2025-02-06,Omega-3,1
2025-02-06,Magnesio Citrate,2
2025-02-06,Black Maca,1
2025-02-06,L-Carnitina,3
2025-02-07,Rhodiola Rosea,1
2025-02-07,CoQ10,1
2025-02-07,Two-Per-Day,2
2025-02-07,Omega-3,2
2025-02-07,Magnesio Citrate,2
2025-02-07,Black Maca,1
2025-02-07,L-Carnitina,3
2025-02-08,Two-Per-Day,2
2025-02-08,Omega-3,1
2025-02-08,Magnesio Citrate,2
2025-02-08,Black Maca,1
2025-02-08,L-Carnitina,3
2025-02-09,Rhodiola Rosea,1
2025-02-09,CoQ10,1
2025-02-09,Two-Per-Day,2
2025-02-09,Omega-3,2
2025-02-09,Magnesio Citrate,2
2025-02-09,Black Maca,1
2025-02-09,L-Carnitina,3
2025-02-10,Rhodiola Rosea,1
2025-02-10,CoQ10,1
2025-02-10,Two-Per-Day,2
2025-02-10,Omega-3,2
2025-02-10,Magnesio Citrate,2
2025-02-10,Black Maca,1
2025-02-10,L-Carnitina,3
2025-02-11,Rhodiola Rosea,1
2025-02-11,CoQ10,1
2025-02-11,Two-Per-Day,2
2025-02-11,Omega-3,1
2025-02-11,Magnesio Citrate,2
2025-02-11,Black Maca,1
2025-02-11,L-Carnitina,3
2025-02-12,Rhodiola Rosea,1
2025-02-12,CoQ10,1
2025-02-12,Two-Per-Day,2
2025-02-12,Omega-3,2
2025-02-12,Magnesio Citrate,2
2025-02-12,Black Maca,1
2025-02-12,L-Carnitina,3
2025-02-13,Two-Per-Day,2
2025-02-13,Omega-3,1
2025-02-13,Magnesio Citrate,2
2025-02-13,Black Maca,1
2025-02-13,L-Carnitina,3
2025-02-14,Rhodiola Rosea,1
2025-02-14,CoQ10,1
2025-02-14,Two-Per-Day,2
2025-02-14,Omega-3,2
2025-02-14,Magnesio Citrate,2
2025-02-14,Black Maca,1
2025-02-14,L-Carnitina,3
2025-02-15,Two-Per-Day,2
2025-02-15,Omega-3,1
2025-02-15,Magnesio Citrate,2
2025-02-15,Black Maca,1
2025-02-15,L-Carnitina,3
2025-02-16,Rhodiola Rosea,1
2025-02-16,CoQ10,1
2025-02-16,Two-Per-Day,2
2025-02-16,Omega-3,2
2025-02-16,Magnesio Citrate,2
2025-02-16,Black Maca,1
2025-02-16,L-Carnitina,3
2025-02-17,Rhodiola Rosea,1
2025-02-17,CoQ10,1
2025-02-17,Two-Per-Day,2
2025-02-17,Omega-3,2
2025-02-17,Magnesio Citrate,2
2025-02-17,Black Maca,1
2025-02-17,L-Carnitina,3
2025-02-18,Rhodiola Rosea,1
2025-02-18,CoQ10,1
2025-02-18,Two-Per-Day,2
2025-02-18,Omega-3,1
2025-02-18,Magnesio Citrate,2
2025-02-18,Black Maca,1
2025-02-18,L-Carnitina,3
2025-02-19,Rhodiola Rosea,1
2025-02-19,CoQ10,1
2025-02-19,Two-Per-Day,2
2025-02-19,Omega-3,2
2025-02-19,Magnesio Citrate,2
2025-02-19,Black Maca,1
2025-02-19,L-Carnitina,3
2025-02-20,Two-Per-Day,2
2025-02-20,Omega-3,1
2025-02-20,Magnesio Citrate,2
2025-02-20,Black Maca,1
2025-02-20,L-Carnitina,3
2025-02-21,Rhodiola Rosea,1
2025-02-21,CoQ10,1
2025-02-21,Two-Per-Day,2
2025-02-21,Omega-3,2
2025-02-21,Magnesio Citrate,2
2025-02-21,Black Maca,1
2025-02-21,L-Carnitina,3
2025-02-22,Two-Per-Day,2
2025-02-22,Omega-3,1
2025-02-22,Magnesio Citrate,2
2025-02-22,Black Maca,1
2025-02-22,L-Carnitina,3
2025-02-23,Rhodiola Rosea,1
2025-02-23,CoQ10,1
2025-02-23,Two-Per-Day,2
2025-02-23,Omega-3,2
2025-02-23,Magnesio Citrate,2
2025-02-23,Black Maca,1
2025-02-23,L-Carnitina,3
2025-02-24,Rhodiola Rosea,1
2025-02-24,CoQ10,1
2025-02-24,Two-Per-Day,2
2025-02-24,Omega-3,2
2025-02-24,Magnesio Citrate,2
2025-02-24,Black Maca,1
2025-02-24,L-Carnitina,3
2025-02-25,Rhodiola Rosea,1
2025-02-25,CoQ10,1
2025-02-25,Two-Per-Day,2
2025-02-25,Omega-3,1
2025-02-25,Magnesio Citrate,2
2025-02-25,Black Maca,1
2025-02-25,L-Carnitina,3
2025-02-26,Rhodiola Rosea,1
2025-02-26,CoQ10,1
2025-02-26,Two-Per-Day,2
2025-02-26,Omega-3,2
2025-02-26,Magnesio Citrate,2
2025-02-26,Black Maca,1
2025-02-26,L-Carnitina,3
2025-02-27,Two-Per-Day,2
2025-02-27,Omega-3,1
2025-02-27,Magnesio Citrate,2
2025-02-27,Black Maca,1
2025-02-27,L-Carnitina,3
2025-02-28,Rhodiola Rosea,1
2025-02-28,CoQ10,1
2025-02-28,Two-Per-Day,2
2025-02-28,Omega-3,2
2025-02-28,Magnesio Citrate,2
2025-02-28,Black Maca,1
2025-02-28,L-Carnitina,3
2025-03-01,Two-Per-Day,2
2025-03-01,Omega-3,1
2025-03-01,Magnesio Citrate,2
2025-03-01,Black Maca,1
2025-03-01,L-Carnitina,3
2025-03-02,Rhodiola Rosea,1
2025-03-02,CoQ10,1
2025-03-02,Two-Per-Day,2
2025-03-02,Omega-3,2
2025-03-02,Magnesio Citrate,2
2025-03-02,Black Maca,1
2025-03-02,L-Carnitina,3
2025-03-03,Rhodiola Rosea,1
2025-03-03,CoQ10,1
2025-03-03,Two-Per-Day,2
2025-03-03,Omega-3,2
2025-03-03,Magnesio Citrate,2
2025-03-03,Black Maca,1
2025-03-03,L-Carnitina,3
2025-03-04,Rhodiola Rosea,1
2025-03-04,CoQ10,1
2025-03-04,Two-Per-Day,2
2025-03-04,Omega-3,1
2025-03-04,Magnesio Citrate,2
2025-03-04,Black Maca,1
2025-03-04,L-Carnitina,3
2025-03-05,Rhodiola Rosea,1
2025-03-05,CoQ10,1
2025-03-05,Two-Per-Day,2
2025-03-05,Omega-3,2
2025-03-05,Magnesio Citrate,2
2025-03-05,Black Maca,1
2025-03-05,L-Carnitina,3
2025-03-06,Two-Per-Day,2
2025-03-06,Omega-3,1
2025-03-06,Magnesio Citrate,2
2025-03-06,Black Maca,1
2025-03-06,L-Carnitina,3
2025-03-07,Rhodiola Rosea,1
2025-03-07,CoQ10,1
2025-03-07,Two-Per-Day,2
2025-03-07,Omega-3,2
2025-03-07,Magnesio Citrate,2
2025-03-07,Black Maca,1
2025-03-07,L-Carnitina,3
2025-03-08,Two-Per-Day,2
2025-03-08,Omega-3,1
2025-03-08,Magnesio Citrate,2
2025-03-08,Black Maca,1
2025-03-08,L-Carnitina,3
2025-03-09,Rhodiola Rosea,1
2025-03-09,CoQ10,1
2025-03-09,Two-Per-Day,2
2025-03-09,Omega-3,2
2025-03-09,Magnesio Citrate,2
2025-03-09,Black Maca,1
2025-03-09,L-Carnitina,3
2025-03-10,Rhodiola Rosea,1
2025-03-10,CoQ10,1
2025-03-10,Two-Per-Day,2
2025-03-10,Omega-3,2
2025-03-10,Magnesio Citrate,2
2025-03-10,Black Maca,1
2025-03-10,L-Carnitina,3
2025-03-11,Rhodiola Rosea,1
2025-03-11,CoQ10,1
2025-03-11,Two-Per-Day,2
2025-03-11,Omega-3,1
2025-03-11,Magnesio Citrate,2
2025-03-11,Black Maca,1
2025-03-11,L-Carnitina,3
2025-03-12,Rhodiola Rosea,1
2025-03-12,CoQ10,1
2025-03-12,Two-Per-Day,2
2025-03-12,Omega-3,2
2025-03-12,Magnesio Citrate,2
2025-03-12,Black Maca,1
2025-03-12,L-Carnitina,3
2025-03-13,Two-Per-Day,2
2025-03-13,Omega-3,1
2025-03-13,Magnesio Citrate,2
2025-03-13,Black Maca,1
2025-03-13,L-Carnitina,3
2025-03-14,Rhodiola Rosea,1
2025-03-14,CoQ10,1
2025-03-14,Two-Per-Day,2
2025-03-14,Omega-3,2
2025-03-14,Magnesio Citrate,2
2025-03-14,Black Maca,1
2025-03-14,L-Carnitina,3
2025-03-15,Two-Per-Day,2
2025-03-15,Omega-3,1
2025-03-15,Magnesio Citrate,2
2025-03-15,Black Maca,1
2025-03-15,L-Carnitina,3
2025-03-16,Rhodiola Rosea,1
2025-03-16,CoQ10,1
2025-03-16,Two-Per-Day,2
2025-03-16,Omega-3,2
2025-03-16,Magnesio Citrate,2
2025-03-16,Black Maca,1
2025-03-16,L-Carnitina,3
2025-03-17,Rhodiola Rosea,1
2025-03-17,CoQ10,1
2025-03-17,Two-Per-Day,2
2025-03-17,Omega-3,2
2025-03-17,Magnesio Citrate,2
2025-03-17,Black Maca,1
2025-03-17,L-Carnitina,3
2025-03-18,Rhodiola Rosea,1
2025-03-18,CoQ10,1
2025-03-18,Two-Per-Day,2
2025-03-18,Omega-3,1
2025-03-18,Magnesio Citrate,2
2025-03-18,Black Maca,1
2025-03-18,L-Carnitina,3
2025-03-19,Rhodiola Rosea,1
2025-03-19,CoQ10,1
2025-03-19,Two-Per-Day,2
2025-03-19,Omega-3,2
2025-03-19,Magnesio Citrate,2
2025-03-19,Black Maca,1
2025-03-19,L-Carnitina,3
2025-03-20,Two-Per-Day,2
2025-03-20,Omega-3,1
2025-03-20,Magnesio Citrate,2
2025-03-20,Black Maca,1
2025-03-20,L-Carnitina,3
2025-03-21,Rhodiola Rosea,1
2025-03-21,CoQ10,1
2025-03-21,Two-Per-Day,2
2025-03-21,Omega-3,2
2025-03-21,Magnesio Citrate,2
2025-03-21,Black Maca,1
2025-03-21,L-Carnitina,3
2025-03-22,Two-Per-Day,2
2025-03-22,Omega-3,1
2025-03-22,Magnesio Citrate,2
2025-03-22,Black Maca,1
2025-03-22,L-Carnitina,3
2025-03-23,Rhodiola Rosea,1
2025-03-23,CoQ10,1
2025-03-23,Two-Per-Day,2
2025-03-23,Omega-3,2
2025-03-23,Magnesio Citrate,2
2025-03-23,Black Maca,1
2025-03-23,L-Carnitina,3
2025-03-24,Rhodiola Rosea,1
2025-03-24,CoQ10,1
2025-03-24,Two-Per-Day,2
2025-03-24,Omega-3,2
2025-03-24,Magnesio Citrate,2
2025-03-24,Black Maca,1
2025-03-24,L-Carnitina,3
2025-03-25,Rhodiola Rosea,1
2025-03-25,CoQ10,1
2025-03-25,Two-Per-Day,2
2025-03-25,Omega-3,1
2025-03-25,Magnesio Citrate,2
2025-03-25,Black Maca,1
2025-03-25,L-Carnitina,3
2025-03-26,Rhodiola Rosea,1
2025-03-26,CoQ10,1
2025-03-26,Two-Per-Day,2
2025-03-26,Omega-3,2
2025-03-26,Magnesio Citrate,2
2025-03-26,Black Maca,1
2025-03-26,L-Carnitina,3
2025-03-27,Two-Per-Day,2
2025-03-27,Omega-3,1
2025-03-27,Magnesio Citrate,2
2025-03-27,Black Maca,1
2025-03-27,L-Carnitina,3
2025-03-28,Rhodiola Rosea,1
2025-03-28,CoQ10,1
2025-03-28,Two-Per-Day,2
2025-03-28,Omega-3,2
2025-03-28,Magnesio Citrate,2
2025-03-28,Black Maca,1
2025-03-28,L-Carnitina,3
2025-03-29,Two-Per-Day,2
2025-03-29,Omega-3,1
2025-03-29,Magnesio Citrate,2
2025-03-29,Black Maca,1
2025-03-29,L-Carnitina,3
2025-03-30,Rhodiola Rosea,1
2025-03-30,CoQ10,1
2025-03-30,Two-Per-Day,2
2025-03-30,Omega-3,2
2025-03-30,Magnesio Citrate,2
2025-03-30,Black Maca,1
2025-03-30,L-Carnitina,3
2025-03-31,Rhodiola Rosea,1
2025-03-31,CoQ10,1
2025-03-31,Two-Per-Day,2
2025-03-31,Omega-3,2
2025-03-31,Magnesio Citrate,2
2025-03-31,Black Maca,1
2025-03-31,L-Carnitina,3
2025-04-01,Rhodiola Rosea,1
2025-04-01,CoQ10,1
2025-04-01,Two-Per-Day,2
2025-04-01,Omega-3,1
2025-04-01,Magnesio Citrate,2
2025-04-01,Black Maca,1
2025-04-01,L-Carnitina,3
2025-04-02,Rhodiola Rosea,1
2025-04-02,CoQ10,1
2025-04-02,Two-Per-Day,2
2025-04-02,Omega-3,2
2025-04-02,Magnesio Citrate,2
2025-04-02,Black Maca,1
2025-04-02,L-Carnitina,3
2025-04-03,Two-Per-Day,2
2025-04-03,Omega-3,1
2025-04-03,Magnesio Citrate,2
2025-04-03,Black Maca,1
2025-04-03,L-Carnitina,3
2025-04-04,Rhodiola Rosea,1
2025-04-04,CoQ10,1
2025-04-04,Two-Per-Day,2
2025-04-04,Omega-3,2
2025-04-04,Magnesio Citrate,2
2025-04-04,Black Maca,1
2025-04-04,L-Carnitina,3
2025-04-05,Two-Per-Day,2
2025-04-05,Omega-3,1
2025-04-05,Magnesio Citrate,2
2025-04-05,Black Maca,1
2025-04-05,L-Carnitina,3
2025-04-06,Rhodiola Rosea,1
2025-04-06,CoQ10,1
2025-04-06,Two-Per-Day,2
2025-04-06,Omega-3,2
2025-04-06,Magnesio Citrate,2
2025-04-06,Black Maca,1
2025-04-06,L-Carnitina,3
2025-04-07,Rhodiola Rosea,1
2025-04-07,CoQ10,1
2025-04-07,Two-Per-Day,2
2025-04-07,Omega-3,2
2025-04-07,Magnesio Citrate,2
2025-04-07,Black Maca,1
2025-04-07,L-Carnitina,3
2025-04-08,Rhodiola Rosea,1
2025-04-08,CoQ10,1
2025-04-08,Two-Per-Day,2
2025-04-08,Omega-3,1
2025-04-08,Magnesio Citrate,2
2025-04-08,Black Maca,1
2025-04-08,L-Carnitina,3
2025-04-09,Rhodiola Rosea,1
2025-04-09,CoQ10,1
2025-04-09,Two-Per-Day,2
2025-04-09,Omega-3,2
2025-04-09,Magnesio Citrate,2
2025-04-09,Black Maca,1
2025-04-09,L-Carnitina,3
2025-04-10,Two-Per-Day,2
2025-04-10,Omega-3,1
2025-04-10,Magnesio Citrate,2
2025-04-10,Black Maca,1
2025-04-10,L-Carnitina,3
2025-04-11,Rhodiola Rosea,1
2025-04-11,CoQ10,1
2025-04-11,Two-Per-Day,2
2025-04-11,Omega-3,2
2025-04-11,Magnesio Citrate,2
2025-04-11,Black Maca,1
2025-04-11,L-Carnitina,3
2025-04-12,Two-Per-Day,2
2025-04-12,Omega-3,1
2025-04-12,Magnesio Citrate,2
2025-04-12,Black Maca,1
2025-04-12,L-Carnitina,3
2025-04-13,Rhodiola Rosea,1
2025-04-13,CoQ10,1
2025-04-13,Two-Per-Day,2
2025-04-13,Omega-3,2
2025-04-13,Magnesio Citrate,2
2025-04-13,Black Maca,1
2025-04-13,L-Carnitina,3
2025-04-14,Rhodiola Rosea,1
2025-04-14,CoQ10,1
2025-04-14,Two-Per-Day,2
2025-04-14,Omega-3,2
2025-04-14,Magnesio Citrate,2
2025-04-14,Black Maca,1
2025-04-14,L-Carnitina,3
2025-04-15,Rhodiola Rosea,1
2025-04-15,CoQ10,1
2025-04-15,Two-Per-Day,2
2025-04-15,Omega-3,1
2025-04-15,Magnesio Citrate,2
2025-04-15,Black Maca,1
2025-04-15,L-Carnitina,3
2025-04-16,Rhodiola Rosea,1
2025-04-16,CoQ10,1
2025-04-16,Two-Per-Day,2
2025-04-16,Omega-3,2
2025-04-16,Magnesio Citrate,2
2025-04-16,Black Maca,1
2025-04-16,L-Carnitina,3
2025-04-17,Two-Per-Day,2
2025-04-17,Omega-3,1
2025-04-17,Magnesio Citrate,2
2025-04-17,Black Maca,1
2025-04-17,L-Carnitina,3
2025-04-18,Rhodiola Rosea,1
2025-04-18,CoQ10,1
2025-04-18,Two-Per-Day,2
2025-04-18,Omega-3,2
2025-04-18,Magnesio Citrate,2
2025-04-18,Black Maca,1
2025-04-18,L-Carnitina,3
2025-04-19,Two-Per-Day,2
2025-04-19,Omega-3,1
2025-04-19,Magnesio Citrate,2
2025-04-19,Black Maca,1
2025-04-19,L-Carnitina,3
2025-04-20,Rhodiola Rosea,1
2025-04-20,CoQ10,1
2025-04-20,Two-Per-Day,2
2025-04-20,Omega-3,2
2025-04-20,Magnesio Citrate,2
2025-04-20,Black Maca,1
2025-04-20,L-Carnitina,3
2025-04-21,Rhodiola Rosea,1
2025-04-21,CoQ10,1
2025-04-21,Two-Per-Day,2
2025-04-21,Omega-3,2
2025-04-21,Magnesio Citrate,2
2025-04-21,Black Maca,1
2025-04-21,L-Carnitina,3
2025-04-22,Rhodiola Rosea,1
2025-04-22,CoQ10,1
2025-04-22,Two-Per-Day,2
2025-04-22,Omega-3,1
2025-04-22,Magnesio Citrate,2
2025-04-22,Black Maca,1
2025-04-22,L-Carnitina,3
2025-04-23,Rhodiola Rosea,1
2025-04-23,CoQ10,1
2025-04-23,Two-Per-Day,2
2025-04-23,Omega-3,2
2025-04-23,Magnesio Citrate,2
2025-04-23,Black Maca,1
2025-04-23,L-Carnitina,3
2025-04-24,Two-Per-Day,2
2025-04-24,Omega-3,1
2025-04-24,Magnesio Citrate,2
2025-04-24,Black Maca,1
2025-04-24,L-Carnitina,3
2025-04-25,Rhodiola Rosea,1
2025-04-25,CoQ10,1
2025-04-25,Two-Per-Day,2
2025-04-25,Omega-3,2
2025-04-25,Magnesio Citrate,2
2025-04-25,Black Maca,1
2025-04-25,L-Carnitina,3
2025-04-26,Two-Per-Day,2
2025-04-26,Omega-3,1
2025-04-26,Magnesio Citrate,2
2025-04-26,Black Maca,1
2025-04-26,L-Carnitina,3
2025-04-27,Rhodiola Rosea,1
2025-04-27,CoQ10,1
2025-04-27,Two-Per-Day,2
2025-04-27,Omega-3,2
2025-04-27,Magnesio Citrate,2
2025-04-27,Black Maca,1
2025-04-27,L-Carnitina,3
2025-04-28,Rhodiola Rosea,1
2025-04-28,CoQ10,1
2025-04-28,Two-Per-Day,2
2025-04-28,Omega-3,2
2025-04-28,Magnesio Citrate,2
2025-04-28,Black Maca,1
2025-04-28,L-Carnitina,3
2025-04-29,Rhodiola Rosea,1
2025-04-29,CoQ10,1
2025-04-29,Two-Per-Day,2
2025-04-29,Omega-3,1
2025-04-29,Magnesio Citrate,2
2025-04-29,Black Maca,1
2025-04-29,L-Carnitina,3
2025-04-30,Rhodiola Rosea,1
2025-04-30,CoQ10,1
2025-04-30,Two-Per-Day,2
2025-04-30,Omega-3,2
2025-04-30,Magnesio Citrate,2
2025-04-30,Black Maca,1
2025-04-30,L-Carnitina,3
2025-05-01,Two-Per-Day,2
2025-05-01,Omega-3,1
2025-05-01,Magnesio Citrate,2
2025-05-01,Black Maca,1
2025-05-01,L-Carnitina,3
2025-05-02,Rhodiola Rosea,1
2025-05-02,CoQ10,1
2025-05-02,Two-Per-Day,2
2025-05-02,Omega-3,2
2025-05-02,Magnesio Citrate,2
2025-05-02,Black Maca,1
2025-05-02,L-Carnitina,3
2025-05-03,Two-Per-Day,2
2025-05-03,Omega-3,1
2025-05-03,Magnesio Citrate,2
2025-05-03,Black Maca,1
2025-05-03,L-Carnitina,3
2025-05-04,Rhodiola Rosea,1
2025-05-04,CoQ10,1
2025-05-04,Two-Per-Day,2
2025-05-04,Omega-3,2
2025-05-04,Magnesio Citrate,2
2025-05-04,Black Maca,1
2025-05-04,L-Carnitina,3
2025-05-05,Rhodiola Rosea,1
2025-05-05,CoQ10,1
2025-05-05,Two-Per-Day,2
2025-05-05,Omega-3,2
2025-05-05,Magnesio Citrate,2
2025-05-05,Black Maca,1
2025-05-05,L-Carnitina,3
2025-05-06,Rhodiola Rosea,1
2025-05-06,CoQ10,1
2025-05-06,Two-Per-Day,2
2025-05-06,Omega-3,1
2025-05-06,Magnesio Citrate,2
2025-05-06,Black Maca,1
2025-05-06,L-Carnitina,3
2025-05-07,Rhodiola Rosea,1
2025-05-07,CoQ10,1
2025-05-07,Two-Per-Day,2
2025-05-07,Omega-3,2
2025-05-07,Magnesio Citrate,2
2025-05-07,Black Maca,1
2025-05-07,L-Carnitina,3
2025-05-08,Two-Per-Day,2
2025-05-08,Omega-3,1
2025-05-08,Magnesio Citrate,2
2025-05-08,Black Maca,1
2025-05-08,L-Carnitina,3
2025-05-09,Rhodiola Rosea,1
2025-05-09,CoQ10,1
2025-05-09,Two-Per-Day,2
2025-05-09,Omega-3,2
2025-05-09,Magnesio Citrate,2
2025-05-09,Black Maca,1
2025-05-09,L-Carnitina,3
2025-05-10,Two-Per-Day,2
2025-05-10,Omega-3,1
2025-05-10,Magnesio Citrate,2
2025-05-10,Black Maca,1
2025-05-10,L-Carnitina,3
2025-05-11,Rhodiola Rosea,1
2025-05-11,CoQ10,1
2025-05-11,Two-Per-Day,2
2025-05-11,Omega-3,2
2025-05-11,Magnesio Citrate,2
2025-05-11,Black Maca,1
2025-05-11,L-Carnitina,3
2025-05-12,Rhodiola Rosea,1
2025-05-12,CoQ10,1
2025-05-12,Two-Per-Day,2
2025-05-12,Omega-3,2
2025-05-12,Magnesio Citrate,2
2025-05-12,Black Maca,1
2025-05-12,L-Carnitina,3
2025-05-13,Rhodiola Rosea,1
2025-05-13,CoQ10,1
2025-05-13,Two-Per-Day,2
2025-05-13,Omega-3,1
2025-05-13,Magnesio Citrate,2
2025-05-13,Black Maca,1
2025-05-13,L-Carnitina,3
2025-05-14,Rhodiola Rosea,1
2025-05-14,CoQ10,1
2025-05-14,Two-Per-Day,2
2025-05-14,Omega-3,2
2025-05-14,Magnesio Citrate,2
2025-05-14,Black Maca,1
2025-05-14,L-Carnitina,3
2025-05-15,Two-Per-Day,2
2025-05-15,Omega-3,1
2025-05-15,Magnesio Citrate,2
2025-05-15,Black Maca,1
2025-05-15,L-Carnitina,3
2025-05-16,Rhodiola Rosea,1
2025-05-16,CoQ10,1
2025-05-16,Two-Per-Day,2
2025-05-16,Omega-3,2
2025-05-16,Magnesio Citrate,2
2025-05-16,Black Maca,1
2025-05-16,L-Carnitina,3
2025-05-17,Two-Per-Day,2
2025-05-17,Omega-3,1
2025-05-17,Magnesio Citrate,2
2025-05-17,Black Maca,1
2025-05-17,L-Carnitina,3
2025-05-18,Rhodiola Rosea,1
2025-05-18,CoQ10,1
2025-05-18,Two-Per-Day,2
2025-05-18,Omega-3,2
2025-05-18,Magnesio Citrate,2
2025-05-18,Black Maca,1
2025-05-18,L-Carnitina,3
2025-05-19,Rhodiola Rosea,1
2025-05-19,CoQ10,1
2025-05-19,Two-Per-Day,2
2025-05-19,Omega-3,2
2025-05-19,Magnesio Citrate,2
2025-05-19,Black Maca,1
2025-05-19,L-Carnitina,3
2025-05-20,Rhodiola Rosea,1
2025-05-20,CoQ10,1
2025-05-20,Two-Per-Day,2
2025-05-20,Omega-3,1
2025-05-20,Magnesio Citrate,2
2025-05-20,Black Maca,1
2025-05-20,L-Carnitina,3
2025-05-21,Rhodiola Rosea,1
2025-05-21,CoQ10,1
2025-05-21,Two-Per-Day,2
2025-05-21,Omega-3,2
2025-05-21,Magnesio Citrate,2
2025-05-21,Black Maca,1
2025-05-21,L-Carnitina,3
2025-05-22,Two-Per-Day,2
2025-05-22,Omega-3,1
2025-05-22,Magnesio Citrate,2
2025-05-22,Black Maca,1
2025-05-22,L-Carnitina,3
2025-05-23,Rhodiola Rosea,1
2025-05-23,CoQ10,1
2025-05-23,Two-Per-Day,2
2025-05-23,Omega-3,2
2025-05-23,Magnesio Citrate,2
2025-05-23,Black Maca,1
2025-05-23,L-Carnitina,3
2025-05-24,Two-Per-Day,2
2025-05-24,Omega-3,1
2025-05-24,Magnesio Citrate,2
2025-05-24,Black Maca,1
2025-05-24,L-Carnitina,3
2025-05-25,Rhodiola Rosea,1
2025-05-25,CoQ10,1
2025-05-25,Two-Per-Day,2
2025-05-25,Omega-3,2
2025-05-25,Magnesio Citrate,2
2025-05-25,Black Maca,1
2025-05-25,L-Carnitina,3
2025-05-26,Rhodiola Rosea,1
2025-05-26,CoQ10,1
2025-05-26,Two-Per-Day,2
2025-05-26,Omega-3,2
2025-05-26,Magnesio Citrate,2
2025-05-26,Black Maca,1
2025-05-26,L-Carnitina,3
2025-05-27,Rhodiola Rosea,1
2025-05-27,CoQ10,1
2025-05-27,Two-Per-Day,2
2025-05-27,Omega-3,1
2025-05-27,Magnesio Citrate,2
2025-05-27,Black Maca,1
2025-05-27,L-Carnitina,3
2025-05-28,Rhodiola Rosea,1
2025-05-28,CoQ10,1
2025-05-28,Two-Per-Day,2
2025-05-28,Omega-3,2
2025-05-28,Magnesio Citrate,2
2025-05-28,Black Maca,1
2025-05-28,L-Carnitina,3
2025-05-29,Two-Per-Day,2
2025-05-29,Omega-3,1
2025-05-29,Magnesio Citrate,2
2025-05-29,Black Maca,1
2025-05-29,L-Carnitina,3
2025-05-30,Rhodiola Rosea,1
2025-05-30,CoQ10,1
2025-05-30,Two-Per-Day,2
2025-05-30,Omega-3,2
2025-05-30,Magnesio Citrate,2
2025-05-30,Black Maca,1
2025-05-30,L-Carnitina,3
2025-05-31,Two-Per-Day,2
2025-05-31,Omega-3,1
2025-05-31,Magnesio Citrate,2
2025-05-31,Black Maca,1
2025-05-31,L-Carnitina,3
2025-06-01,Rhodiola Rosea,1
2025-06-01,CoQ10,1
2025-06-01,Two-Per-Day,2
2025-06-01,Omega-3,2
2025-06-01,Magnesio Citrate,2
2025-06-01,Black Maca,1
2025-06-01,L-Carnitina,3
2025-06-02,Rhodiola Rosea,1
2025-06-02,CoQ10,1
2025-06-02,Two-Per-Day,2
2025-06-02,Omega-3,2
2025-06-02,Magnesio Citrate,2
2025-06-02,Black Maca,1
2025-06-02,L-Carnitina,3
2025-06-03,Rhodiola Rosea,1
2025-06-03,CoQ10,1
2025-06-03,Two-Per-Day,2
2025-06-03,Omega-3,1
2025-06-03,Magnesio Citrate,2
2025-06-03,Black Maca,1
2025-06-03,L-Carnitina,3
2025-06-04,Rhodiola Rosea,1
2025-06-04,CoQ10,1
2025-06-04,Two-Per-Day,2
2025-06-04,Omega-3,2
2025-06-04,Magnesio Citrate,2
2025-06-04,Black Maca,1
2025-06-04,L-Carnitina,3
2025-06-05,Two-Per-Day,2
2025-06-05,Omega-3,1
2025-06-05,Magnesio Citrate,2
2025-06-05,Black Maca,1
2025-06-05,L-Carnitina,3
2025-06-06,Rhodiola Rosea,1
2025-06-06,CoQ10,1
2025-06-06,Two-Per-Day,2
2025-06-06,Omega-3,2
2025-06-06,Magnesio Citrate,2
2025-06-06,Black Maca,1
2025-06-06,L-Carnitina,3
2025-06-07,Two-Per-Day,2
2025-06-07,Omega-3,1
2025-06-07,Magnesio Citrate,2
2025-06-07,Black Maca,1
2025-06-07,L-Carnitina,3
